protein,mutation,mutation_type,sample_id,study_id,chr,start_position,end_position,ref_allele,alt_allele,entrez_gene_id,resistance_label
KRAS,G12C,Missense_Mutation,TCGA-05-4249-01,luad_tcga,12,25398285,25398285,C,A,3845,0
ALK,V349F,Missense_Mutation,TCGA-05-4382-01,luad_tcga,2,29754890,29754890,C,A,238,0
BRAF,G469V,Missense_Mutation,TCGA-05-4389-01,luad_tcga,7,140481402,140481402,C,A,673,1
KRAS,G12V,Missense_Mutation,TCGA-05-4390-01,luad_tcga,12,25398284,25398284,C,A,3845,1
BRAF,G466V,Missense_Mutation,TCGA-05-4410-01,luad_tcga,7,140481411,140481411,C,A,673,1
EGFR,L861Q,Missense_Mutation,TCGA-05-5423-01,luad_tcga,7,55259524,55259524,T,A,1956,0
BRAF,D594N,Missense_Mutation,TCGA-05-5428-01,luad_tcga,7,140453155,140453155,C,T,673,1
EGFR,L858R,Missense_Mutation,TCGA-38-4627-01,luad_tcga,7,55259515,55259515,T,G,1956,0
EGFR,E746_A750del,In_Frame_Del,TCGA-38-4628-01,luad_tcga,7,55242465,55242479,GGAATTAAGAGAAGC,-,1956,0
BRAF,N581S,Missense_Mutation,TCGA-44-2662-01,luad_tcga,7,140453193,140453193,T,C,673,1
BRAF,V600E,Missense_Mutation,TCGA-44-2666-01,luad_tcga,7,140453136,140453136,A,T,673,0
EGFR,S768I,Missense_Mutation,TCGA-44-6147-01,luad_tcga,7,55249005,55249005,G,T,1956,0
KRAS,G12D,Missense_Mutation,TCGA-44-6776-01,luad_tcga,12,25398284,25398284,C,T,3845,1
KRAS,G12A,Missense_Mutation,TCGA-44-7672-01,luad_tcga,12,25398284,25398284,C,G,3845,1
EGFR,T790M,Missense_Mutation,TCGA-49-4494-01,luad_tcga,7,55249071,55249071,C,T,1956,1
BRAF,D594H,Missense_Mutation,TCGA-50-5044-01,luad_tcga,7,140453155,140453155,C,G,673,1
EGFR,G719A,Missense_Mutation,TCGA-50-6595-01,luad_tcga,7,55241708,55241708,G,C,1956,0
EGFR,L747_T751del,In_Frame_Del,TCGA-55-6981-01,luad_tcga,7,55242468,55242482,ATTAAGAGAAGCAAC,-,1956,0
KRAS,G12S,Missense_Mutation,TCGA-55-7283-01,luad_tcga,12,25398285,25398285,C,T,3845,1
EGFR,L747_E749del,In_Frame_Del,TCGA-55-7573-01,luad_tcga,7,55242466,55242474,GAATTAAGA,-,1956,0
KRAS,Q61L,Missense_Mutation,TCGA-64-5775-01,luad_tcga,12,25380276,25380276,T,A,3845,1
KRAS,G12F,Missense_Mutation,TCGA-67-3774-01,luad_tcga,12,25398284,25398285,CC,AA,3845,1
BRAF,G466A,Missense_Mutation,TCGA-78-7153-01,luad_tcga,7,140481411,140481411,C,G,673,1
KRAS,G12R,Missense_Mutation,TCGA-99-7458-01,luad_tcga,12,25398285,25398285,C,G,3845,1
KRAS,Q61H,Missense_Mutation,TCGA-AB-2826-03,laml_tcga,12,25380275,25380275,T,A,3845,1
KRAS,A146T,Missense_Mutation,TCGA-AB-2966-03,laml_tcga,12,25378562,25378562,C,T,3845,1
KRAS,G13D,Missense_Mutation,TCGA-AB-2987-03,laml_tcga,12,25398281,25398281,C,T,3845,1
BRAF,V600M,Missense_Mutation,TCGA-BF-A3DL-01,skcm_tcga,7,140453137,140453137,C,T,673,1
BRAF,V600G,Missense_Mutation,TCGA-D3-A1QA-06,skcm_tcga,7,140453136,140453136,A,C,673,0
BRAF,K601E,Missense_Mutation,TCGA-D3-A2JH-06,skcm_tcga,7,140453134,140453134,T,C,673,1
BRAF,G469R,Missense_Mutation,TCGA-D3-A51T-06,skcm_tcga,7,140481403,140481403,C,T,673,1
BRAF,G469A,Missense_Mutation,TCGA-DA-A1IB-06,skcm_tcga,7,140481402,140481402,C,G,673,1
KRAS,Q61K,Missense_Mutation,TCGA-EB-A5UM-01,skcm_tcga,12,25380277,25380277,G,T,3845,1
ALK,A1200V,Missense_Mutation,TCGA-EE-A184-06,skcm_tcga,2,29443618,29443618,G,A,238,0
KRAS,Q61R,Missense_Mutation,TCGA-EE-A29B-06,skcm_tcga,12,25380276,25380276,T,C,3845,1
KRAS,K117N,Missense_Mutation,TCGA-EE-A29N-06,skcm_tcga,12,25378647,25378647,T,G,3845,1
BRAF,L597Q,Missense_Mutation,TCGA-EE-A2A0-06,skcm_tcga,7,140453145,140453145,A,T,673,1
BRAF,G466E,Missense_Mutation,TCGA-EE-A2GC-06,skcm_tcga,7,140481411,140481411,C,T,673,1
BRAF,V600_K601delinsE,In_Frame_Del,TCGA-FR-A3YO-06,skcm_tcga,7,140453134,140453136,TCA,-,673,0
BRAF,G469E,Missense_Mutation,TCGA-FW-A3R5-06,skcm_tcga,7,140481402,140481402,C,T,673,1
EGFR,R831H,Missense_Mutation,TCGA-AA-3966-01,coadread_tcga,7,55259434,55259434,G,A,1956,0
ABL1,M351T,Missense_Mutation,TCGA-AA-A00A-01,coadread_tcga,9,133748391,133748391,T,C,25,1
KRAS,A146V,Missense_Mutation,TCGA-AG-3611-01,coadread_tcga,12,25378561,25378561,G,A,3845,1
